,Chi-squared,Df,Max Prob,Max Selection Prob Ratio,Mean Prob,Min Prob,P-value,PRNG,Pop size,Range,Range P-value,Sample size,seed
0,[ 12.1048622],29,0.06670926,1.00119346106,0.0666666666667,0.06662974,[ 0.99754245],RANDU,30,3976,0.999678242911,2,100
1,[ 21.8881592],29,0.06673392,1.00207851882,0.0666666666667,0.0665955,[ 0.82479075],SD,30,6921,0.644520367247,2,100
2,[ 11.5964336],29,0.06670772,1.00132543934,0.0666666666667,0.06661942,[ 0.99833947],SD,30,4415,0.997973327511,2,233424280
3,[ 27.5009276],29,0.06676436,1.00264430918,0.0666666666667,0.06658828,[ 0.54469821],MT,30,8804,0.143587361071,2,100
4,[ 21.8915456],29,0.0667357,1.00205709721,0.0666666666667,0.0665987,[ 0.8246523],MT,30,6850,0.666708147913,2,233424280
5,[ 19.1746724],29,0.06671544,1.00189941396,0.0666666666667,0.06658896,[ 0.91672633],MT,30,6324,0.81436009958,2,429496729
6,[ 16.466339],29,0.06672466,1.00156438474,0.0666666666667,0.06662044,[ 0.96983448],SHA256,30,5211,0.976384752251,2,100
7,[ 23.4174692],29,0.06674998,1.00202145693,0.0666666666667,0.06661532,[ 0.75710092],SHA256,30,6733,0.702394863347,2,233424280
8,[ 17.5510508],29,0.06672966,1.00182500327,0.0666666666667,0.0666081,[ 0.95291372],SHA256,30,6078,0.868953431024,2,429496729
