,Chi-squared,Df,Number of samples,P-value,PRNG,Pop size,Range,Range P-value,Sample size,seed
0,[ 12155.0519878],434,435.0,[ 0.],RANDU,30,8709,-4.4408920985e-16,2,100
1,[ 355.2852094],434,435.0,[ 0.99767171],SD,30,2189,0.179765550425,2,100
2,[ 289.7548432],434,435.0,[ 0.99999999],SD,30,1422,0.99999977656,2,233424280
3,[ 454.6745488],434,435.0,[ 0.23778712],MT,30,2174,0.199563561365,2,100
4,[ 429.9387088],434,435.0,[ 0.54602838],MT,30,1965,0.614311156221,2,233424280
5,[ 493.676701],434,435.0,[ 0.02488693],MT,30,2089,0.340978487124,2,429496729
6,[ 409.6081138],434,435.0,[ 0.79423828],SHA256,30,2196,0.171046756905,2,100
7,[ 381.5704324],434,435.0,[ 0.96666455],SHA256,30,1846,0.854452096199,2,233424280
8,[ 482.0878312],434,435.0,[ 0.05502463],SHA256,30,1964,0.616612362132,2,429496729
